,사고번호,사고일시,요일,시군구,사고내용,사망자수,중상자수,경상자수,부상신고자수,사고유형,법규위반,노면상태,기상상태,도로형태,가해운전자 차종,가해운전자 성별,가해운전자 연령,가해운전자 상해정도,피해운전자 차종,피해운전자 성별,피해운전자 연령,피해운전자 상해정도
1971,2019042200100208,2019년 4월 22일 09시,월요일,대전광역시 서구 월평동,경상사고,0,0,1,0,차대사람 - 횡단중,신호위반,포장 - 건조,맑음,교차로 - 교차로횡단보도내,승용,남,27세,상해없음,보행자,여,40세,경상
1972,2019042200100211,2019년 4월 22일 09시,월요일,대전광역시 유성구 송강동,중상사고,0,1,0,0,차대사람 - 횡단중,안전운전불이행,포장 - 건조,맑음,교차로 - 교차로안,화물,남,69세,상해없음,보행자,남,63세,중상
1973,2019042200100234,2019년 4월 22일 10시,월요일,대전광역시 서구 복수동,중상사고,0,1,0,0,차대사람 - 횡단중,보행자보호의무위반,포장 - 건조,맑음,교차로 - 교차로부근,기타불명,기타불명,미분류,기타불명,보행자,여,79세,중상
1974,2019042200100395,2019년 4월 22일 14시,월요일,대전광역시 동구 성남동,중상사고,0,1,0,0,차대사람 - 횡단중,보행자보호의무위반,포장 - 건조,맑음,교차로 - 교차로횡단보도내,승합,남,54세,상해없음,보행자,여,67세,중상
1975,2019042200100580,2019년 4월 22일 18시,월요일,대전광역시 중구 옥계동,경상사고,0,0,1,0,차대사람 - 차도통행중,안전운전불이행,포장 - 건조,맑음,단일로 - 기타,기타불명,기타불명,미분류,기타불명,보행자,여,22세,경상
1976,2019042200100690,2019년 4월 22일 22시,월요일,대전광역시 서구 갈마동,경상사고,0,0,1,0,차대사람 - 횡단중,보행자보호의무위반,포장 - 건조,맑음,교차로 - 교차로횡단보도내,기타불명,기타불명,미분류,기타불명,보행자,여,16세,경상
1977,2019042300100027,2019년 4월 23일 00시,화요일,대전광역시 중구 문화동,중상사고,0,1,0,0,차대사람 - 횡단중,신호위반,포장 - 건조,맑음,교차로 - 교차로횡단보도내,승용,남,58세,상해없음,보행자,남,49세,중상
1978,2019042300100487,2019년 4월 23일 18시,화요일,대전광역시 중구 옥계동,경상사고,0,0,1,0,차대사람 - 기타,안전운전불이행,포장 - 건조,맑음,교차로 - 교차로부근,승용,여,60세,상해없음,보행자,여,23세,경상
1979,2019042300100488,2019년 4월 23일 18시,화요일,대전광역시 서구 가장동,경상사고,0,0,1,0,차대사람 - 횡단중,안전운전불이행,포장 - 젖음/습기,비,단일로 - 기타,승용,남,58세,상해없음,보행자,여,9세,경상
1980,2019042400100076,2019년 4월 24일 02시,수요일,대전광역시 서구 둔산동,중상사고,0,1,0,0,차대사람 - 횡단중,신호위반,포장 - 젖음/습기,비,교차로 - 교차로횡단보도내,승용,남,25세,상해없음,보행자,남,58세,중상
1981,2019042400100153,2019년 4월 24일 07시,수요일,대전광역시 동구 용전동,경상사고,0,0,1,0,차대사람 - 차도통행중,안전운전불이행,포장 - 건조,맑음,교차로 - 교차로부근,화물,남,53세,상해없음,보행자,남,52세,경상
1982,2019042400100199,2019년 4월 24일 08시,수요일,대전광역시 중구 대흥동,부상신고사고,0,0,0,1,차대사람 - 횡단중,신호위반,포장 - 젖음/습기,비,교차로 - 교차로안,승용,남,64세,기타불명,보행자,남,58세,부상신고
1983,2019042400100312,2019년 4월 24일 12시,수요일,대전광역시 대덕구 와동,중상사고,0,1,0,0,차대사람 - 횡단중,안전운전불이행,포장 - 건조,맑음,교차로 - 교차로부근,승용,여,48세,상해없음,보행자,남,76세,중상
1984,2019042400100452,2019년 4월 24일 16시,수요일,대전광역시 서구 갈마동,중상사고,0,1,0,0,차대사람 - 기타,안전운전불이행,포장 - 건조,맑음,기타 - 기타,승용,남,32세,상해없음,보행자,남,88세,중상
1985,2019042500100499,2019년 4월 25일 18시,목요일,대전광역시 유성구 장대동,중상사고,0,1,0,0,차대사람 - 횡단중,안전운전불이행,포장 - 건조,맑음,교차로 - 교차로안,승용,남,32세,상해없음,보행자,남,66세,중상
1986,2019042600100048,2019년 4월 26일 00시,금요일,대전광역시 동구 대동,중상사고,0,1,0,0,차대사람 - 횡단중,신호위반,포장 - 건조,맑음,교차로 - 교차로안,승용,남,29세,상해없음,보행자,남,19세,중상
1987,2019042600100088,2019년 4월 26일 03시,금요일,대전광역시 중구 오류동,경상사고,0,0,1,0,차대사람 - 기타,안전운전불이행,포장 - 건조,맑음,교차로 - 교차로부근,승용,남,63세,상해없음,보행자,남,44세,경상
1988,2019042600100327,2019년 4월 26일 13시,금요일,대전광역시 유성구 송강동,경상사고,0,0,1,0,차대사람 - 기타,안전운전불이행,포장 - 건조,맑음,교차로 - 교차로안,승합,남,68세,상해없음,보행자,남,82세,경상
1989,2019042600100444,2019년 4월 26일 16시,금요일,대전광역시 동구 용운동,중상사고,0,1,0,0,차대사람 - 기타,안전운전불이행,포장 - 젖음/습기,비,교차로 - 교차로안,승용,남,38세,상해없음,보행자,여,74세,중상
1990,2019042600100445,2019년 4월 26일 16시,금요일,대전광역시 유성구 송강동,중상사고,0,1,0,0,차대사람 - 횡단중,보행자보호의무위반,포장 - 젖음/습기,비,교차로 - 교차로횡단보도내,승용,여,36세,상해없음,보행자,여,7세,중상
1991,2019042600100486,2019년 4월 26일 17시,금요일,대전광역시 서구 둔산동,중상사고,0,1,0,0,차대사람 - 기타,안전운전불이행,포장 - 젖음/습기,맑음,단일로 - 기타,승용,여,40세,상해없음,보행자,남,18세,중상
1992,2019042700100045,2019년 4월 27일 00시,토요일,대전광역시 서구 괴정동,경상사고,0,0,1,0,차대사람 - 기타,안전운전불이행,포장 - 건조,맑음,단일로 - 기타,승용,남,21세,상해없음,보행자,남,37세,경상
1993,2019042700100099,2019년 4월 27일 04시,토요일,대전광역시 대덕구 오정동,경상사고,0,0,1,0,차대사람 - 횡단중,안전운전불이행,포장 - 젖음/습기,흐림,기타 - 기타,화물,남,47세,상해없음,보행자,여,78세,경상
1994,2019042700100137,2019년 4월 27일 07시,토요일,대전광역시 대덕구 대화동,중상사고,0,1,0,0,차대사람 - 기타,안전운전불이행,포장 - 건조,맑음,교차로 - 교차로안,건설기계,남,44세,상해없음,보행자,남,69세,중상
1995,2019042700100293,2019년 4월 27일 11시,토요일,대전광역시 동구 추동,중상사고,0,1,0,0,차대사람 - 기타,보행자보호의무위반,포장 - 건조,맑음,단일로 - 기타,승용,남,78세,상해없음,보행자,남,7세,중상
1996,2019042700100444,2019년 4월 27일 15시,토요일,대전광역시 중구 안영동,중상사고,0,1,0,0,차대사람 - 기타,안전운전불이행,포장 - 건조,맑음,주차장 - 주차장,승용,여,64세,상해없음,보행자,여,75세,중상
1997,2019042700100445,2019년 4월 27일 15시,토요일,대전광역시 서구 변동,경상사고,0,0,1,0,차대사람 - 횡단중,신호위반,포장 - 건조,맑음,단일로 - 기타,승용,남,76세,상해없음,보행자,남,37세,경상
1998,2019042700100630,2019년 4월 27일 20시,토요일,대전광역시 동구 가양동,중상사고,0,1,0,0,차대사람 - 횡단중,보행자보호의무위반,포장 - 건조,맑음,교차로 - 교차로안,승용,남,22세,상해없음,보행자,여,17세,중상
1999,2019042700100666,2019년 4월 27일 21시,토요일,대전광역시 대덕구 중리동,경상사고,0,0,1,0,차대사람 - 횡단중,보행자보호의무위반,포장 - 건조,맑음,교차로 - 교차로부근,승용,여,50세,상해없음,보행자,여,43세,경상
2000,2019042700100717,2019년 4월 27일 23시,토요일,대전광역시 중구 중촌동,경상사고,0,0,1,0,차대사람 - 횡단중,신호위반,포장 - 건조,맑음,교차로 - 교차로횡단보도내,승용,남,65세,상해없음,보행자,여,15세,경상
2001,2019042800100174,2019년 4월 28일 11시,일요일,대전광역시 대덕구 덕암동,경상사고,0,0,1,0,차대사람 - 기타,안전운전불이행,포장 - 건조,맑음,교차로 - 교차로안,화물,남,57세,상해없음,보행자,남,34세,경상
2002,2019042800100462,2019년 4월 28일 21시,일요일,대전광역시 대덕구 오정동,중상사고,0,2,2,0,차대사람 - 기타,안전운전불이행,포장 - 건조,맑음,교차로 - 교차로횡단보도내,승용,남,57세,상해없음,보행자,여,41세,중상
2003,2019042900100220,2019년 4월 29일 10시,월요일,대전광역시 중구 대사동,중상사고,0,1,0,0,차대사람 - 횡단중,신호위반,포장 - 건조,맑음,단일로 - 기타,화물,남,71세,상해없음,보행자,남,89세,중상
2004,2019042900100295,2019년 4월 29일 12시,월요일,대전광역시 동구 자양동,경상사고,0,0,1,0,차대사람 - 길가장자리구역통행중,안전운전불이행,포장 - 젖음/습기,비,단일로 - 기타,승용,남,24세,상해없음,보행자,여,20세,경상
2005,2019043000100185,2019년 4월 30일 09시,화요일,대전광역시 서구 둔산동,경상사고,0,0,1,0,차대사람 - 기타,보행자보호의무위반,포장 - 건조,흐림,교차로 - 교차로횡단보도내,승용,남,64세,상해없음,보행자,여,34세,경상
2006,2019043000100244,2019년 4월 30일 11시,화요일,대전광역시 동구 용전동,중상사고,0,1,0,0,차대사람 - 횡단중,보행자보호의무위반,포장 - 건조,맑음,단일로 - 기타,승합,남,67세,기타불명,보행자,여,51세,중상
2007,2019043000100412,2019년 4월 30일 16시,화요일,대전광역시 동구 용전동,중상사고,0,1,0,0,차대사람 - 기타,안전운전불이행,포장 - 건조,맑음,기타 - 기타,승용,남,44세,상해없음,보행자,여,50세,중상
2008,2019043000100458,2019년 4월 30일 17시,화요일,대전광역시 동구 판암동,경상사고,0,0,1,0,차대사람 - 횡단중,보행자보호의무위반,포장 - 건조,맑음,교차로 - 교차로부근,승용,여,52세,상해없음,보행자,여,30세,경상
2009,2019043000100459,2019년 4월 30일 17시,화요일,대전광역시 서구 둔산동,경상사고,0,0,1,0,차대사람 - 횡단중,보행자보호의무위반,포장 - 건조,맑음,교차로 - 교차로횡단보도내,화물,남,79세,상해없음,보행자,여,59세,경상
2010,2019043000100557,2019년 4월 30일 20시,화요일,대전광역시 중구 오류동,경상사고,0,0,1,0,차대사람 - 횡단중,안전운전불이행,포장 - 건조,맑음,단일로 - 기타,승용,남,20세,상해없음,보행자,남,54세,경상
2011,2019043000100558,2019년 4월 30일 20시,화요일,대전광역시 서구 관저동,사망사고,1,0,0,0,차대사람 - 횡단중,안전운전불이행,포장 - 건조,맑음,교차로 - 교차로안,승용,여,40세,상해없음,보행자,남,74세,사망
2012,2019043000100593,2019년 4월 30일 21시,화요일,대전광역시 서구 월평동,경상사고,0,0,1,0,차대사람 - 횡단중,보행자보호의무위반,포장 - 건조,맑음,교차로 - 교차로안,승용,남,56세,상해없음,보행자,여,39세,경상
2013,2019050100100328,2019년 5월 1일 14시,수요일,대전광역시 서구 둔산동,경상사고,0,0,1,0,차대사람 - 보도통행중,보행자보호의무위반,포장 - 건조,맑음,교차로 - 교차로안,승용,여,73세,상해없음,보행자,여,36세,경상
2014,2019050100100503,2019년 5월 1일 19시,수요일,대전광역시 서구 관저동,경상사고,0,0,1,0,차대사람 - 횡단중,보행자보호의무위반,포장 - 건조,맑음,단일로 - 기타,승용,여,48세,상해없음,보행자,남,6세,경상
2015,2019050100100534,2019년 5월 1일 20시,수요일,대전광역시 서구 둔산동,경상사고,0,0,1,0,차대사람 - 기타,안전운전불이행,포장 - 건조,맑음,단일로 - 기타,기타불명,기타불명,미분류,기타불명,보행자,남,29세,경상
2016,2019050200100049,2019년 5월 2일 03시,목요일,대전광역시 서구 둔산동,경상사고,0,0,1,0,차대사람 - 기타,안전운전불이행,포장 - 건조,맑음,단일로 - 기타,승용,남,26세,기타불명,보행자,여,22세,경상
2017,2019050200100454,2019년 5월 2일 16시,목요일,대전광역시 서구 월평동,사망사고,1,0,0,0,차대사람 - 기타,안전운전불이행,포장 - 건조,맑음,교차로 - 교차로안,승용,여,55세,상해없음,보행자,여,72세,사망
2018,2019050200100661,2019년 5월 2일 21시,목요일,대전광역시 서구 둔산동,경상사고,0,0,1,0,차대사람 - 기타,안전운전불이행,포장 - 건조,맑음,단일로 - 기타,승용,남,35세,상해없음,보행자,남,19세,경상
2019,2019050300100130,2019년 5월 3일 07시,금요일,대전광역시 서구 정림동,경상사고,0,0,1,0,차대사람 - 횡단중,보행자보호의무위반,포장 - 건조,맑음,단일로 - 기타,승용,남,73세,상해없음,보행자,여,21세,경상
2020,2019050300100319,2019년 5월 3일 12시,금요일,대전광역시 동구 중동,경상사고,0,0,1,0,차대사람 - 기타,신호위반,포장 - 건조,맑음,단일로 - 기타,승합,남,33세,상해없음,보행자,남,46세,경상
2021,2019050300100634,2019년 5월 3일 19시,금요일,대전광역시 서구 괴정동,경상사고,0,0,1,0,차대사람 - 보도통행중,기타,포장 - 건조,맑음,단일로 - 기타,개인형이동수단(PM),남,16세,상해없음,보행자,여,37세,경상
2022,2019050300100740,2019년 5월 3일 22시,금요일,대전광역시 동구 인동,중상사고,0,1,0,0,차대사람 - 기타,안전운전불이행,포장 - 건조,맑음,교차로 - 교차로안,승용,남,43세,상해없음,보행자,남,66세,중상
2023,2019050400100094,2019년 5월 4일 04시,토요일,대전광역시 서구 둔산동,경상사고,0,0,1,0,차대사람 - 길가장자리구역통행중,안전운전불이행,포장 - 건조,맑음,단일로 - 기타,승용,남,56세,상해없음,보행자,남,20세,경상
2024,2019050400100476,2019년 5월 4일 16시,토요일,대전광역시 동구 홍도동,경상사고,0,0,1,0,차대사람 - 기타,안전운전불이행,포장 - 건조,맑음,단일로 - 기타,승용,남,45세,상해없음,보행자,여,81세,경상
2025,2019050400100618,2019년 5월 4일 20시,토요일,대전광역시 동구 홍도동,경상사고,0,0,1,0,차대사람 - 기타,안전운전불이행,포장 - 건조,맑음,교차로 - 교차로부근,승용,남,62세,상해없음,보행자,남,36세,경상
2026,2019050500100032,2019년 5월 5일 00시,일요일,대전광역시 서구 둔산동,경상사고,0,0,2,0,차대사람 - 기타,직진우회전진행방해,포장 - 건조,맑음,교차로 - 교차로안,승용,남,29세,상해없음,보행자,여,54세,경상
2027,2019050500100282,2019년 5월 5일 13시,일요일,대전광역시 유성구 봉명동,경상사고,0,0,1,0,차대사람 - 보도통행중,보행자보호의무위반,포장 - 건조,맑음,교차로 - 교차로횡단보도내,이륜,남,43세,상해없음,보행자,여,54세,경상
2028,2019050500100315,2019년 5월 5일 14시,일요일,대전광역시 중구 대흥동,경상사고,0,0,1,0,차대사람 - 길가장자리구역통행중,안전운전불이행,포장 - 건조,맑음,단일로 - 기타,승용,남,27세,상해없음,보행자,남,12세,경상
2029,2019050500100316,2019년 5월 5일 14시,일요일,대전광역시 중구 은행동,경상사고,0,0,1,0,차대사람 - 길가장자리구역통행중,안전운전불이행,포장 - 건조,맑음,단일로 - 기타,승용,남,58세,상해없음,보행자,남,75세,경상
2030,2019050500100476,2019년 5월 5일 18시,일요일,대전광역시 중구 은행동,경상사고,0,0,1,0,차대사람 - 기타,안전운전불이행,포장 - 건조,맑음,단일로 - 기타,개인형이동수단(PM),여,20세,상해없음,보행자,여,24세,경상
2031,2019050600100142,2019년 5월 6일 09시,월요일,대전광역시 중구 은행동,중상사고,0,1,0,0,차대사람 - 기타,안전운전불이행,포장 - 건조,맑음,교차로 - 교차로부근,승합,남,40세,상해없음,보행자,여,66세,중상
2032,2019050600100317,2019년 5월 6일 14시,월요일,대전광역시 대덕구 대화동,중상사고,0,1,0,0,차대사람 - 기타,안전운전불이행,포장 - 건조,맑음,기타 - 기타,승용,여,47세,상해없음,보행자,남,8세,중상
2033,2019050600100441,2019년 5월 6일 17시,월요일,대전광역시 대덕구 법동,경상사고,0,0,1,0,차대사람 - 기타,안전운전불이행,포장 - 건조,맑음,단일로 - 기타,승용,남,38세,상해없음,보행자,여,76세,경상
2034,2019050600100518,2019년 5월 6일 19시,월요일,대전광역시 동구 홍도동,중상사고,0,1,0,0,차대사람 - 횡단중,안전운전불이행,포장 - 건조,맑음,교차로 - 교차로안,승용,남,61세,상해없음,보행자,남,14세,중상
2035,2019050600100572,2019년 5월 6일 21시,월요일,대전광역시 동구 용운동,경상사고,0,0,1,0,차대사람 - 횡단중,신호위반,포장 - 건조,맑음,단일로 - 기타,승용,남,33세,상해없음,보행자,남,54세,경상
2036,2019050700100108,2019년 5월 7일 07시,화요일,대전광역시 중구 오류동,중상사고,0,1,0,0,차대사람 - 보도통행중,기타,포장 - 건조,맑음,단일로 - 기타,승용,남,49세,상해없음,보행자,여,81세,중상
2037,2019050700100217,2019년 5월 7일 09시,화요일,대전광역시 유성구 어은동,경상사고,0,0,1,0,차대사람 - 기타,안전운전불이행,포장 - 건조,맑음,단일로 - 기타,화물,남,45세,상해없음,보행자,여,60세,경상
2038,2019050700100496,2019년 5월 7일 16시,화요일,대전광역시 대덕구 송촌동,경상사고,0,0,1,0,차대사람 - 횡단중,보행자보호의무위반,포장 - 건조,맑음,교차로 - 교차로안,승용,여,27세,상해없음,보행자,남,12세,경상
2039,2019050700100599,2019년 5월 7일 18시,화요일,대전광역시 중구 태평동,경상사고,0,0,1,0,차대사람 - 횡단중,보행자보호의무위반,포장 - 건조,맑음,단일로 - 기타,승용,남,57세,상해없음,보행자,남,11세,경상
2040,2019050700100600,2019년 5월 7일 18시,화요일,대전광역시 동구 용전동,경상사고,0,0,1,0,차대사람 - 기타,기타,포장 - 건조,맑음,기타 - 기타,자전거,남,79세,상해없음,보행자,남,33세,경상
2041,2019050700100602,2019년 5월 7일 18시,화요일,대전광역시 서구 월평동,경상사고,0,0,1,0,차대사람 - 기타,안전운전불이행,포장 - 건조,맑음,단일로 - 기타,기타불명,기타불명,미분류,기타불명,보행자,남,69세,경상
2042,2019050700100638,2019년 5월 7일 19시,화요일,대전광역시 유성구 장대동,경상사고,0,0,1,0,차대사람 - 기타,안전운전불이행,포장 - 건조,맑음,교차로 - 교차로부근,승용,남,43세,상해없음,보행자,남,23세,경상
2043,2019050700100678,2019년 5월 7일 20시,화요일,대전광역시 서구 관저동,사망사고,2,0,0,0,차대사람 - 횡단중,보행자보호의무위반,포장 - 건조,맑음,교차로 - 교차로횡단보도내,승용,여,50세,상해없음,보행자,남,59세,사망
2044,2019050800100068,2019년 5월 8일 05시,수요일,대전광역시 대덕구 오정동,경상사고,0,0,1,0,차대사람 - 기타,안전운전불이행,포장 - 건조,맑음,단일로 - 기타,화물,남,48세,상해없음,보행자,남,67세,경상
2045,2019050800100342,2019년 5월 8일 13시,수요일,대전광역시 유성구 구암동,사망사고,1,0,0,0,차대사람 - 차도통행중,중앙선침범,포장 - 건조,맑음,단일로 - 기타,승용,남,64세,상해없음,보행자,여,77세,사망
2046,2019050800100674,2019년 5월 8일 21시,수요일,대전광역시 유성구 원내동,경상사고,0,0,1,0,차대사람 - 횡단중,보행자보호의무위반,포장 - 건조,맑음,교차로 - 교차로부근,화물,남,50세,상해없음,보행자,남,41세,경상
2047,2019050900100337,2019년 5월 9일 13시,목요일,대전광역시 서구 가수원동,경상사고,0,0,1,0,차대사람 - 횡단중,보행자보호의무위반,포장 - 건조,맑음,교차로 - 교차로횡단보도내,승용,여,37세,상해없음,보행자,여,20세,경상
2048,2019050900100492,2019년 5월 9일 17시,목요일,대전광역시 서구 월평동,경상사고,0,0,1,0,차대사람 - 보도통행중,기타,포장 - 건조,맑음,단일로 - 기타,이륜,남,58세,상해없음,보행자,여,5세,경상
2049,2019050900100539,2019년 5월 9일 18시,목요일,대전광역시 중구 문화동,중상사고,0,1,0,0,차대사람 - 기타,보행자보호의무위반,포장 - 건조,맑음,단일로 - 기타,화물,남,55세,상해없음,보행자,남,4세,중상
2050,2019050900100603,2019년 5월 9일 20시,목요일,대전광역시 중구 용두동,중상사고,0,1,0,0,차대사람 - 기타,안전운전불이행,포장 - 건조,맑음,교차로 - 교차로부근,승용,남,49세,상해없음,보행자,남,59세,중상
2051,2019050900100676,2019년 5월 9일 23시,목요일,대전광역시 서구 가수원동,경상사고,0,0,1,0,차대사람 - 기타,안전운전불이행,포장 - 건조,맑음,교차로 - 교차로안,승용,여,31세,기타불명,보행자,여,52세,경상
2052,2019051000100392,2019년 5월 10일 14시,금요일,대전광역시 서구 괴정동,경상사고,0,0,1,0,차대사람 - 기타,안전운전불이행,포장 - 건조,맑음,단일로 - 기타,승용,남,67세,상해없음,보행자,남,55세,경상
2053,2019051000100533,2019년 5월 10일 17시,금요일,대전광역시 대덕구 중리동,중상사고,0,1,0,0,차대사람 - 횡단중,안전운전불이행,포장 - 건조,맑음,교차로 - 교차로안,화물,남,51세,상해없음,보행자,남,5세,중상
2054,2019051000100535,2019년 5월 10일 17시,금요일,대전광역시 서구 월평동,경상사고,0,0,1,0,차대사람 - 기타,안전운전불이행,포장 - 건조,맑음,단일로 - 기타,승용,남,48세,기타불명,보행자,남,65세,경상
2055,2019051000100685,2019년 5월 10일 21시,금요일,대전광역시 유성구 봉명동,중상사고,0,1,0,0,차대사람 - 횡단중,신호위반,포장 - 건조,맑음,교차로 - 교차로횡단보도내,승용,여,57세,상해없음,보행자,남,12세,중상
2056,2019051100100435,2019년 5월 11일 14시,토요일,대전광역시 대덕구 중리동,경상사고,0,0,1,0,차대사람 - 기타,안전운전불이행,포장 - 건조,맑음,단일로 - 기타,승합,남,51세,상해없음,보행자,남,37세,경상
2057,2019051100100556,2019년 5월 11일 17시,토요일,대전광역시 대덕구 오정동,경상사고,0,0,1,0,차대사람 - 기타,안전운전불이행,포장 - 건조,맑음,단일로 - 기타,자전거,남,49세,상해없음,보행자,여,55세,경상
2058,2019051200100078,2019년 5월 12일 04시,일요일,대전광역시 동구 용전동,중상사고,0,1,0,0,차대사람 - 기타,안전운전불이행,포장 - 건조,맑음,단일로 - 기타,승용,남,66세,상해없음,보행자,남,27세,중상
2059,2019051200100184,2019년 5월 12일 10시,일요일,대전광역시 중구 대사동,경상사고,0,0,1,0,차대사람 - 횡단중,안전운전불이행,포장 - 건조,맑음,교차로 - 교차로안,승용,남,74세,기타불명,보행자,여,73세,경상
2060,2019051200100279,2019년 5월 12일 13시,일요일,대전광역시 서구 관저동,중상사고,0,1,1,0,차대사람 - 횡단중,안전운전불이행,포장 - 건조,맑음,교차로 - 교차로안,화물,남,53세,상해없음,보행자,여,67세,중상
2061,2019051200100421,2019년 5월 12일 17시,일요일,대전광역시 서구 둔산동,경상사고,0,0,1,0,차대사람 - 횡단중,보행자보호의무위반,포장 - 건조,맑음,교차로 - 교차로횡단보도내,승합,남,57세,상해없음,보행자,여,33세,경상
2062,2019051300100251,2019년 5월 13일 11시,월요일,대전광역시 서구 탄방동,경상사고,0,0,1,0,차대사람 - 기타,안전운전불이행,포장 - 건조,맑음,교차로 - 교차로안,원동기,남,85세,상해없음,보행자,남,50세,경상
2063,2019051300100320,2019년 5월 13일 13시,월요일,대전광역시 서구 변동,경상사고,0,0,1,0,차대사람 - 기타,기타,포장 - 건조,맑음,교차로 - 교차로부근,화물,남,59세,상해없음,보행자,여,21세,경상
2064,2019051300100392,2019년 5월 13일 15시,월요일,대전광역시 중구 중촌동,중상사고,0,1,0,0,차대사람 - 횡단중,보행자보호의무위반,포장 - 건조,맑음,교차로 - 교차로횡단보도내,화물,남,43세,상해없음,보행자,여,26세,중상
2065,2019051300100424,2019년 5월 13일 16시,월요일,대전광역시 서구 관저동,경상사고,0,0,1,0,차대사람 - 횡단중,기타,포장 - 건조,맑음,단일로 - 기타,자전거,여,52세,상해없음,보행자,여,36세,경상
2066,2019051300100462,2019년 5월 13일 17시,월요일,대전광역시 유성구 도룡동,경상사고,0,0,2,0,차대사람 - 횡단중,안전운전불이행,포장 - 건조,맑음,단일로 - 기타,승용,남,59세,상해없음,보행자,남,51세,경상
2067,2019051300100549,2019년 5월 13일 19시,월요일,대전광역시 서구 둔산동,경상사고,0,0,1,0,차대사람 - 기타,안전운전불이행,포장 - 건조,맑음,단일로 - 기타,승용,여,39세,기타불명,보행자,남,23세,경상
2068,2019051300100584,2019년 5월 13일 20시,월요일,대전광역시 유성구 교촌동,경상사고,0,0,1,0,차대사람 - 횡단중,보행자보호의무위반,포장 - 건조,흐림,교차로 - 교차로횡단보도내,승용,남,54세,상해없음,보행자,여,59세,경상
2069,2019051300100608,2019년 5월 13일 21시,월요일,대전광역시 서구 관저동,경상사고,0,0,1,0,차대사람 - 횡단중,보행자보호의무위반,포장 - 건조,맑음,교차로 - 교차로횡단보도내,승용,여,45세,상해없음,보행자,남,58세,경상
2070,2019051400100041,2019년 5월 14일 00시,화요일,대전광역시 동구 대성동,경상사고,0,0,1,0,차대사람 - 기타,안전운전불이행,비포장 - 건조,맑음,단일로 - 기타,화물,여,65세,상해없음,보행자,남,59세,경상
2071,2019051400100050,2019년 5월 14일 01시,화요일,대전광역시 서구 용문동,경상사고,0,0,1,0,차대사람 - 기타,안전운전불이행,포장 - 건조,맑음,주차장 - 주차장,승용,남,39세,상해없음,보행자,여,28세,경상
2072,2019051400100141,2019년 5월 14일 08시,화요일,대전광역시 대덕구 목상동,경상사고,0,0,1,0,차대사람 - 기타,안전운전불이행,포장 - 건조,맑음,교차로 - 교차로부근,승용,남,55세,기타불명,보행자,여,72세,경상
2073,2019051400100352,2019년 5월 14일 14시,화요일,대전광역시 동구 판암동,중상사고,0,1,0,0,차대사람 - 횡단중,보행자보호의무위반,포장 - 건조,맑음,교차로 - 교차로횡단보도내,승용,남,31세,상해없음,보행자,여,67세,중상
2074,2019051400100395,2019년 5월 14일 15시,화요일,대전광역시 대덕구 중리동,경상사고,0,0,1,0,차대사람 - 횡단중,보행자보호의무위반,포장 - 건조,맑음,단일로 - 기타,승용,남,68세,기타불명,보행자,여,19세,경상
2075,2019051400100396,2019년 5월 14일 15시,화요일,대전광역시 유성구 전민동,경상사고,0,0,1,0,차대사람 - 기타,기타,포장 - 건조,맑음,단일로 - 기타,승용,남,53세,상해없음,보행자,여,45세,경상
2076,2019051400100537,2019년 5월 14일 18시,화요일,대전광역시 중구 문화동,경상사고,0,0,1,0,차대사람 - 차도통행중,안전운전불이행,포장 - 건조,맑음,단일로 - 기타,승합,남,51세,상해없음,보행자,남,26세,경상
2077,2019051400100614,2019년 5월 14일 20시,화요일,대전광역시 대덕구 비래동,경상사고,0,0,1,0,차대사람 - 횡단중,보행자보호의무위반,포장 - 건조,맑음,교차로 - 교차로안,승용,여,53세,상해없음,보행자,남,64세,경상
2078,2019051400100615,2019년 5월 14일 20시,화요일,대전광역시 서구 둔산동,경상사고,0,0,1,0,차대사람 - 기타,안전운전불이행,포장 - 건조,맑음,교차로 - 교차로안,승용,남,28세,상해없음,보행자,남,47세,경상
2079,2019051400100650,2019년 5월 14일 21시,화요일,대전광역시 유성구 봉명동,경상사고,0,0,1,0,차대사람 - 기타,안전운전불이행,포장 - 건조,맑음,단일로 - 기타,승합,남,64세,상해없음,보행자,남,23세,경상
2080,2019051400100673,2019년 5월 14일 22시,화요일,대전광역시 서구 둔산동,중상사고,0,1,0,0,차대사람 - 기타,안전운전불이행,포장 - 건조,맑음,단일로 - 기타,승용,남,37세,상해없음,보행자,남,29세,중상
2081,2019051500100124,2019년 5월 15일 07시,수요일,대전광역시 유성구 원내동,부상신고사고,0,0,0,1,차대사람 - 횡단중,기타,포장 - 건조,맑음,단일로 - 기타,화물,남,27세,상해없음,보행자,남,51세,부상신고
2082,2019051500100239,2019년 5월 15일 10시,수요일,대전광역시 대덕구 비래동,경상사고,0,0,1,0,차대사람 - 기타,안전운전불이행,포장 - 건조,맑음,단일로 - 기타,승용,남,71세,상해없음,보행자,남,21세,경상
2083,2019051500100240,2019년 5월 15일 10시,수요일,대전광역시 유성구 봉명동,경상사고,0,0,1,0,차대사람 - 기타,안전운전불이행,포장 - 건조,맑음,단일로 - 기타,승용,여,50세,상해없음,보행자,여,24세,경상
2084,2019051500100392,2019년 5월 15일 14시,수요일,대전광역시 유성구 궁동,부상신고사고,0,0,0,1,차대사람 - 기타,안전운전불이행,포장 - 건조,맑음,단일로 - 기타,승용,여,27세,상해없음,보행자,남,21세,부상신고