,사고번호,사고일시,요일,시군구,사고내용,사망자수,중상자수,경상자수,부상신고자수,사고유형,법규위반,노면상태,기상상태,도로형태,가해운전자 차종,가해운전자 성별,가해운전자 연령,가해운전자 상해정도,피해운전자 차종,피해운전자 성별,피해운전자 연령,피해운전자 상해정도
2428,2019080400100167,2019년 8월 4일 10시,일요일,대전광역시 서구 용문동,경상사고,0,0,1,0,차대사람 - 기타,안전운전불이행,포장 - 건조,맑음,교차로 - 교차로부근,화물,남,56세,상해없음,보행자,남,25세,경상
2429,2019080400100448,2019년 8월 4일 19시,일요일,대전광역시 유성구 장대동,부상신고사고,0,0,0,1,차대사람 - 기타,안전운전불이행,포장 - 건조,맑음,단일로 - 기타,승용,여,58세,상해없음,보행자,여,18세,부상신고
2430,2019080400100510,2019년 8월 4일 22시,일요일,대전광역시 서구 둔산동,중상사고,0,1,0,0,차대사람 - 기타,안전운전불이행,포장 - 젖음/습기,흐림,단일로 - 기타,승용,남,24세,상해없음,보행자,여,23세,중상
2431,2019080500100336,2019년 8월 5일 13시,월요일,대전광역시 서구 둔산동,경상사고,0,0,1,0,차대사람 - 횡단중,신호위반,포장 - 건조,맑음,교차로 - 교차로횡단보도내,승용,여,63세,상해없음,보행자,여,31세,경상
2432,2019080500100549,2019년 8월 5일 18시,월요일,대전광역시 서구 탄방동,경상사고,0,0,1,0,차대사람 - 횡단중,안전운전불이행,포장 - 건조,맑음,단일로 - 기타,승용,남,63세,상해없음,보행자,여,48세,경상
2433,2019080500100582,2019년 8월 5일 19시,월요일,대전광역시 동구 용전동,중상사고,0,1,0,0,차대사람 - 기타,안전운전불이행,포장 - 건조,맑음,단일로 - 기타,승용,남,30세,상해없음,보행자,남,47세,중상
2434,2019080600100071,2019년 8월 6일 04시,화요일,대전광역시 유성구 원내동,경상사고,0,0,1,0,차대사람 - 기타,안전운전불이행,포장 - 건조,맑음,교차로 - 교차로부근,승용,여,44세,상해없음,보행자,남,52세,경상
2435,2019080600100165,2019년 8월 6일 09시,화요일,대전광역시 동구 정동,중상사고,0,1,0,0,차대사람 - 횡단중,안전운전불이행,포장 - 건조,맑음,교차로 - 교차로안,승용,남,36세,상해없음,보행자,남,71세,중상
2436,2019080600100279,2019년 8월 6일 12시,화요일,대전광역시 유성구 전민동,경상사고,0,0,1,0,차대사람 - 횡단중,안전운전불이행,포장 - 건조,맑음,단일로 - 기타,승용,여,37세,상해없음,보행자,여,46세,경상
2437,2019080600100385,2019년 8월 6일 15시,화요일,대전광역시 중구 중촌동,경상사고,0,0,1,0,차대사람 - 길가장자리구역통행중,안전운전불이행,포장 - 건조,맑음,단일로 - 기타,승용,여,43세,상해없음,보행자,남,41세,경상
2438,2019080600100474,2019년 8월 6일 17시,화요일,대전광역시 대덕구 중리동,중상사고,0,1,0,0,차대사람 - 차도통행중,안전운전불이행,포장 - 건조,맑음,단일로 - 기타,승용,남,63세,상해없음,보행자,남,49세,중상
2439,2019080600100647,2019년 8월 6일 21시,화요일,대전광역시 유성구 지족동,경상사고,0,0,1,0,차대사람 - 기타,안전운전불이행,포장 - 건조,맑음,단일로 - 기타,승용,여,52세,상해없음,보행자,남,36세,경상
2440,2019080700100056,2019년 8월 7일 02시,수요일,대전광역시 동구 용전동,중상사고,0,1,0,0,차대사람 - 기타,안전운전불이행,포장 - 젖음/습기,흐림,교차로 - 교차로안,승용,남,55세,상해없음,보행자,남,53세,중상
2441,2019080700100099,2019년 8월 7일 06시,수요일,대전광역시 서구 갈마동,경상사고,0,0,2,0,차대사람 - 기타,안전운전불이행,포장 - 건조,맑음,단일로 - 기타,자전거,남,48세,경상,보행자,여,28세,경상
2442,2019080700100245,2019년 8월 7일 11시,수요일,대전광역시 중구 오류동,중상사고,0,1,0,0,차대사람 - 차도통행중,안전운전불이행,포장 - 건조,맑음,단일로 - 기타,승용,여,67세,상해없음,보행자,여,39세,중상
2443,2019080700100367,2019년 8월 7일 14시,수요일,대전광역시 중구 은행동,경상사고,0,0,1,0,차대사람 - 차도통행중,안전운전불이행,포장 - 건조,맑음,단일로 - 기타,승용,남,53세,상해없음,보행자,남,8세,경상
2444,2019080700100368,2019년 8월 7일 14시,수요일,대전광역시 동구 용전동,경상사고,0,0,1,0,차대사람 - 기타,보행자보호의무위반,포장 - 건조,맑음,교차로 - 교차로횡단보도내,승용,여,50세,상해없음,보행자,남,9세,경상
2445,2019080700100668,2019년 8월 7일 23시,수요일,대전광역시 유성구 지족동,중상사고,0,1,0,0,차대사람 - 횡단중,안전운전불이행,포장 - 건조,맑음,교차로 - 교차로횡단보도내,승용,남,51세,상해없음,보행자,남,56세,중상
2446,2019080800100386,2019년 8월 8일 15시,목요일,대전광역시 동구 중동,경상사고,0,0,1,0,차대사람 - 기타,안전운전불이행,포장 - 건조,맑음,단일로 - 기타,승용,남,60세,상해없음,보행자,남,23세,경상
2447,2019080800100387,2019년 8월 8일 15시,목요일,대전광역시 서구 관저동,중상사고,0,1,0,0,차대사람 - 기타,안전운전불이행,포장 - 건조,맑음,단일로 - 기타,승용,여,44세,상해없음,보행자,여,83세,중상
2448,2019080800100578,2019년 8월 8일 20시,목요일,대전광역시 동구 인동,중상사고,0,1,0,0,차대사람 - 기타,안전운전불이행,포장 - 건조,맑음,단일로 - 기타,승용,남,70세,상해없음,보행자,여,69세,중상
2449,2019080900100053,2019년 8월 9일 01시,금요일,대전광역시 서구 월평동,중상사고,0,1,0,0,차대사람 - 횡단중,안전운전불이행,포장 - 젖음/습기,비,교차로 - 교차로안,승용,남,59세,상해없음,보행자,남,31세,중상
2450,2019080900100523,2019년 8월 9일 17시,금요일,대전광역시 서구 갈마동,경상사고,0,0,1,0,차대사람 - 횡단중,보행자보호의무위반,포장 - 건조,흐림,교차로 - 교차로횡단보도내,승용,남,59세,상해없음,보행자,남,57세,경상
2451,2019080900100663,2019년 8월 9일 20시,금요일,대전광역시 서구 둔산동,경상사고,0,0,1,0,차대사람 - 차도통행중,안전운전불이행,포장 - 건조,맑음,단일로 - 기타,승용,여,22세,상해없음,보행자,남,21세,경상
2452,2019080900100723,2019년 8월 9일 22시,금요일,대전광역시 서구 도안동,경상사고,0,0,1,0,차대사람 - 횡단중,보행자보호의무위반,포장 - 건조,맑음,교차로 - 교차로횡단보도내,승용,여,50세,상해없음,보행자,여,32세,경상
2453,2019081000100052,2019년 8월 10일 00시,토요일,대전광역시 서구 둔산동,중상사고,0,1,0,0,차대사람 - 차도통행중,안전운전불이행,포장 - 건조,맑음,단일로 - 기타,승용,남,25세,상해없음,보행자,남,29세,중상
2454,2019081000100172,2019년 8월 10일 08시,토요일,대전광역시 서구 월평동,중상사고,0,1,0,0,차대사람 - 횡단중,보행자보호의무위반,포장 - 건조,맑음,교차로 - 교차로횡단보도내,승용,남,43세,상해없음,보행자,남,76세,중상
2455,2019081000100649,2019년 8월 10일 21시,토요일,대전광역시 유성구 봉명동,경상사고,0,0,1,0,차대사람 - 기타,안전운전불이행,포장 - 건조,맑음,교차로 - 교차로부근,승용,남,20세,상해없음,보행자,남,54세,경상
2456,2019081000100692,2019년 8월 10일 23시,토요일,대전광역시 중구 유천동,경상사고,0,0,1,0,차대사람 - 길가장자리구역통행중,안전운전불이행,포장 - 건조,맑음,단일로 - 기타,이륜,남,28세,상해없음,보행자,남,50세,경상
2457,2019081100100072,2019년 8월 11일 04시,일요일,대전광역시 동구 용전동,경상사고,0,0,1,0,차대사람 - 횡단중,보행자보호의무위반,포장 - 건조,맑음,교차로 - 교차로안,승용,남,51세,상해없음,보행자,남,24세,경상
2458,2019081200100054,2019년 8월 12일 01시,월요일,대전광역시 서구 월평동,경상사고,0,0,1,0,차대사람 - 횡단중,보행자보호의무위반,포장 - 건조,맑음,교차로 - 교차로횡단보도내,승용,남,56세,상해없음,보행자,여,44세,경상
2459,2019081200100068,2019년 8월 12일 04시,월요일,대전광역시 서구 갈마동,경상사고,0,0,1,0,차대사람 - 횡단중,안전운전불이행,포장 - 건조,맑음,단일로 - 기타,승용,여,72세,기타불명,보행자,여,18세,경상
2460,2019081200100237,2019년 8월 12일 10시,월요일,대전광역시 서구 탄방동,중상사고,0,1,0,0,차대사람 - 횡단중,안전운전불이행,포장 - 건조,맑음,단일로 - 기타,화물,남,35세,상해없음,보행자,여,73세,중상
2461,2019081200100375,2019년 8월 12일 13시,월요일,대전광역시 유성구 지족동,부상신고사고,0,0,0,1,차대사람 - 횡단중,신호위반,포장 - 건조,맑음,교차로 - 교차로부근,이륜,남,54세,상해없음,보행자,여,15세,부상신고
2462,2019081200100701,2019년 8월 12일 22시,월요일,대전광역시 중구 은행동,경상사고,0,0,1,0,차대사람 - 횡단중,신호위반,포장 - 건조,맑음,단일로 - 기타,이륜,여,32세,상해없음,보행자,여,16세,경상
2463,2019081300100175,2019년 8월 13일 09시,화요일,대전광역시 대덕구 신탄진동,중상사고,0,1,0,0,차대사람 - 기타,신호위반,포장 - 건조,맑음,교차로 - 교차로부근,승용,남,76세,기타불명,보행자,여,82세,중상
2464,2019081300100253,2019년 8월 13일 11시,화요일,대전광역시 동구 홍도동,중상사고,0,1,0,0,차대사람 - 기타,안전운전불이행,포장 - 건조,맑음,교차로 - 교차로안,화물,남,60세,상해없음,보행자,여,82세,중상
2465,2019081300100297,2019년 8월 13일 12시,화요일,대전광역시 서구 도마동,경상사고,0,0,1,0,차대사람 - 기타,안전운전불이행,포장 - 건조,맑음,단일로 - 기타,승용,남,75세,상해없음,보행자,남,29세,경상
2466,2019081300100333,2019년 8월 13일 13시,화요일,대전광역시 중구 대흥동,경상사고,0,0,1,0,차대사람 - 횡단중,보행자보호의무위반,포장 - 건조,맑음,교차로 - 교차로부근,승용,남,35세,상해없음,보행자,남,30세,경상
2467,2019081300100591,2019년 8월 13일 19시,화요일,대전광역시 대덕구 덕암동,중상사고,0,1,0,0,차대사람 - 기타,안전운전불이행,포장 - 건조,맑음,단일로 - 기타,승용,남,53세,상해없음,보행자,여,23세,중상
2468,2019081300100628,2019년 8월 13일 20시,화요일,대전광역시 중구 태평동,중상사고,0,1,0,0,차대사람 - 기타,안전운전불이행,포장 - 건조,맑음,교차로 - 교차로부근,승용,여,65세,상해없음,보행자,여,67세,중상
2469,2019081300100666,2019년 8월 13일 21시,화요일,대전광역시 중구 중촌동,중상사고,0,1,0,0,차대사람 - 횡단중,보행자보호의무위반,포장 - 건조,맑음,단일로 - 기타,승용,남,38세,상해없음,보행자,남,43세,중상
2470,2019081400100043,2019년 8월 14일 00시,수요일,대전광역시 유성구 신봉동,중상사고,0,1,0,0,차대사람 - 횡단중,안전운전불이행,포장 - 건조,맑음,단일로 - 기타,승용,남,19세,상해없음,보행자,남,33세,중상
2471,2019081400100127,2019년 8월 14일 07시,수요일,대전광역시 유성구 노은동,경상사고,0,0,1,0,차대사람 - 횡단중,보행자보호의무위반,포장 - 건조,맑음,교차로 - 교차로횡단보도내,승용,남,29세,상해없음,보행자,남,17세,경상
2472,2019081400100262,2019년 8월 14일 10시,수요일,대전광역시 중구 산성동,중상사고,0,1,0,0,차대사람 - 기타,기타,포장 - 건조,맑음,단일로 - 기타,승합,남,49세,상해없음,보행자,여,76세,중상
2473,2019081400100502,2019년 8월 14일 16시,수요일,대전광역시 대덕구 신대동,경상사고,0,0,1,0,차대사람 - 기타,안전운전불이행,포장 - 건조,맑음,단일로 - 기타,승용,남,66세,기타불명,보행자,남,28세,경상
2474,2019081400100620,2019년 8월 14일 18시,수요일,대전광역시 대덕구 중리동,중상사고,0,1,0,0,차대사람 - 기타,기타,포장 - 건조,맑음,단일로 - 기타,승용,남,58세,상해없음,보행자,여,74세,중상
2475,2019081400100800,2019년 8월 14일 23시,수요일,대전광역시 서구 둔산동,중상사고,0,1,0,0,차대사람 - 횡단중,보행자보호의무위반,포장 - 건조,맑음,교차로 - 교차로횡단보도내,승합,남,23세,상해없음,보행자,여,26세,중상
2476,2019081400100801,2019년 8월 14일 23시,수요일,대전광역시 서구 둔산동,중상사고,0,1,0,0,차대사람 - 길가장자리구역통행중,안전운전불이행,포장 - 건조,맑음,단일로 - 기타,기타불명,기타불명,미분류,기타불명,보행자,남,20세,중상
2477,2019081500100215,2019년 8월 15일 12시,목요일,대전광역시 서구 월평동,경상사고,0,0,1,0,차대사람 - 기타,안전운전불이행,포장 - 건조,맑음,기타 - 기타,승용,여,48세,상해없음,보행자,여,64세,경상
2478,2019081500100288,2019년 8월 15일 14시,목요일,대전광역시 동구 용전동,경상사고,0,0,1,0,차대사람 - 횡단중,보행자보호의무위반,포장 - 젖음/습기,비,단일로 - 기타,승용,여,46세,상해없음,보행자,여,23세,경상
2479,2019081500100353,2019년 8월 15일 16시,목요일,대전광역시 동구 가오동,중상사고,0,1,0,0,차대사람 - 기타,기타,포장 - 건조,맑음,단일로 - 기타,승합,남,39세,상해없음,보행자,여,86세,중상
2480,2019081600100032,2019년 8월 16일 01시,금요일,대전광역시 대덕구 법동,중상사고,0,1,0,0,차대사람 - 기타,기타,포장 - 건조,맑음,교차로 - 교차로부근,승합,남,34세,상해없음,보행자,남,19세,중상
2481,2019081600100042,2019년 8월 16일 02시,금요일,대전광역시 중구 선화동,경상사고,0,0,1,0,차대사람 - 차도통행중,안전운전불이행,포장 - 건조,맑음,단일로 - 기타,승용,남,61세,상해없음,보행자,남,44세,경상
2482,2019081600100293,2019년 8월 16일 12시,금요일,대전광역시 유성구 장대동,경상사고,0,0,1,0,차대사람 - 기타,안전운전불이행,포장 - 건조,맑음,교차로 - 교차로안,승용,남,43세,상해없음,보행자,남,37세,경상
2483,2019081600100597,2019년 8월 16일 19시,금요일,대전광역시 대덕구 송촌동,중상사고,0,1,0,0,차대사람 - 기타,안전운전불이행,포장 - 건조,맑음,단일로 - 기타,이륜,남,23세,상해없음,보행자,남,56세,중상
2484,2019081700100082,2019년 8월 17일 04시,토요일,대전광역시 중구 대흥동,경상사고,0,0,1,0,차대사람 - 기타,안전운전불이행,포장 - 건조,맑음,단일로 - 기타,승용,남,63세,상해없음,보행자,남,22세,경상
2485,2019081700100095,2019년 8월 17일 05시,토요일,대전광역시 서구 둔산동,부상신고사고,0,0,0,1,차대사람 - 기타,안전운전불이행,포장 - 건조,맑음,단일로 - 기타,승용,여,23세,상해없음,보행자,남,19세,부상신고
2486,2019081700100160,2019년 8월 17일 09시,토요일,대전광역시 서구 도마동,중상사고,0,1,0,0,차대사람 - 횡단중,안전운전불이행,포장 - 건조,맑음,교차로 - 교차로부근,승용,남,54세,상해없음,보행자,여,28세,중상
2487,2019081700100386,2019년 8월 17일 15시,토요일,대전광역시 중구 은행동,중상사고,0,1,0,0,차대사람 - 기타,안전운전불이행,포장 - 건조,맑음,교차로 - 교차로안,이륜,남,18세,상해없음,보행자,남,54세,중상
2488,2019081700100424,2019년 8월 17일 16시,토요일,대전광역시 중구 선화동,경상사고,0,0,1,0,차대사람 - 보도통행중,기타,포장 - 건조,맑음,단일로 - 기타,이륜,남,51세,상해없음,보행자,여,62세,경상
2489,2019081700100467,2019년 8월 17일 17시,토요일,대전광역시 동구 가양동,경상사고,0,0,1,0,차대사람 - 기타,안전운전불이행,포장 - 건조,맑음,교차로 - 교차로안,승용,남,65세,상해없음,보행자,남,66세,경상
2490,2019081700100507,2019년 8월 17일 18시,토요일,대전광역시 서구 갈마동,경상사고,0,0,1,0,차대사람 - 길가장자리구역통행중,기타,포장 - 건조,맑음,단일로 - 기타,승용,남,63세,상해없음,보행자,여,42세,경상
2491,2019081700100551,2019년 8월 17일 19시,토요일,대전광역시 중구 태평동,중상사고,0,1,0,0,차대사람 - 횡단중,보행자보호의무위반,포장 - 건조,맑음,교차로 - 교차로안,원동기,남,17세,상해없음,보행자,남,17세,중상
2492,2019081800100368,2019년 8월 18일 18시,일요일,대전광역시 서구 월평동,경상사고,0,0,1,0,차대사람 - 기타,보행자보호의무위반,포장 - 건조,맑음,교차로 - 교차로횡단보도내,승용,남,58세,상해없음,보행자,남,46세,경상
2493,2019081800100477,2019년 8월 18일 23시,일요일,대전광역시 유성구 궁동,중상사고,0,1,0,0,차대사람 - 기타,안전운전불이행,포장 - 건조,맑음,단일로 - 기타,승용,남,21세,상해없음,보행자,남,35세,중상
2494,2019081900100181,2019년 8월 19일 09시,월요일,대전광역시 중구 호동,부상신고사고,0,0,0,1,차대사람 - 기타,안전운전불이행,포장 - 건조,맑음,교차로 - 교차로부근,기타불명,기타불명,미분류,기타불명,보행자,여,81세,부상신고
2495,2019081900100535,2019년 8월 19일 19시,월요일,대전광역시 유성구 봉명동,부상신고사고,0,0,0,1,차대사람 - 차도통행중,안전운전불이행,포장 - 건조,맑음,단일로 - 기타,승용,여,58세,상해없음,보행자,남,58세,부상신고
2496,2019081900100561,2019년 8월 19일 20시,월요일,대전광역시 서구 도마동,중상사고,0,1,0,0,차대사람 - 기타,안전운전불이행,포장 - 건조,맑음,단일로 - 기타,승용,남,31세,상해없음,보행자,남,57세,중상
2497,2019081900100605,2019년 8월 19일 22시,월요일,대전광역시 서구 갈마동,경상사고,0,0,1,0,차대사람 - 길가장자리구역통행중,안전운전불이행,포장 - 건조,맑음,단일로 - 기타,기타불명,기타불명,미분류,기타불명,보행자,남,17세,경상
2498,2019082000100310,2019년 8월 20일 13시,화요일,대전광역시 동구 추동,경상사고,0,0,1,0,차대사람 - 차도통행중,안전운전불이행,포장 - 건조,맑음,단일로 - 기타,승용,남,32세,상해없음,보행자,여,52세,경상
2499,2019082000100311,2019년 8월 20일 13시,화요일,대전광역시 유성구 지족동,경상사고,0,0,1,0,차대사람 - 기타,기타,포장 - 건조,맑음,기타 - 기타,화물,남,52세,상해없음,보행자,여,52세,경상
2500,2019082000100520,2019년 8월 20일 18시,화요일,대전광역시 동구 용전동,경상사고,0,0,1,0,차대사람 - 길가장자리구역통행중,안전운전불이행,포장 - 건조,맑음,단일로 - 기타,승용,여,33세,기타불명,보행자,여,21세,경상
2501,2019082000100621,2019년 8월 20일 21시,화요일,대전광역시 서구 둔산동,중상사고,0,1,0,0,차대사람 - 횡단중,보행자보호의무위반,포장 - 건조,맑음,교차로 - 교차로횡단보도내,승용,여,63세,기타불명,보행자,여,53세,중상
2502,2019082100100115,2019년 8월 21일 07시,수요일,대전광역시 동구 판암동,경상사고,0,0,1,0,차대사람 - 횡단중,안전운전불이행,포장 - 건조,맑음,교차로 - 교차로부근,승용,남,69세,상해없음,보행자,여,71세,경상
2503,2019082100100386,2019년 8월 21일 15시,수요일,대전광역시 중구 선화동,중상사고,0,1,0,0,차대사람 - 횡단중,보행자보호의무위반,포장 - 건조,맑음,교차로 - 교차로안,승용,남,60세,상해없음,보행자,여,65세,중상
2504,2019082100100475,2019년 8월 21일 17시,수요일,대전광역시 서구 내동,경상사고,0,0,1,0,차대사람 - 기타,안전운전불이행,포장 - 건조,맑음,교차로 - 교차로부근,승용,여,47세,상해없음,보행자,여,24세,경상
2505,2019082100100529,2019년 8월 21일 18시,수요일,대전광역시 동구 원동,경상사고,0,0,1,0,차대사람 - 기타,안전운전불이행,포장 - 건조,맑음,단일로 - 기타,승용,여,28세,상해없음,보행자,남,69세,경상
2506,2019082100100530,2019년 8월 21일 18시,수요일,대전광역시 대덕구 법동,경상사고,0,0,1,0,차대사람 - 횡단중,보행자보호의무위반,포장 - 건조,맑음,교차로 - 교차로횡단보도내,승합,여,56세,상해없음,보행자,여,11세,경상
2507,2019082100100531,2019년 8월 21일 18시,수요일,대전광역시 대덕구 법동,중상사고,0,1,0,0,차대사람 - 기타,안전운전불이행,포장 - 젖음/습기,비,단일로 - 기타,승용,여,42세,상해없음,보행자,여,90세 이상,중상
2508,2019082200100043,2019년 8월 22일 00시,목요일,대전광역시 유성구 죽동,중상사고,0,1,0,0,차대사람 - 기타,안전운전불이행,포장 - 젖음/습기,비,단일로 - 기타,승용,남,57세,상해없음,보행자,남,58세,중상
2509,2019082200100099,2019년 8월 22일 06시,목요일,대전광역시 서구 갈마동,경상사고,0,0,1,0,차대사람 - 기타,안전운전불이행,포장 - 젖음/습기,비,단일로 - 기타,승용,여,26세,상해없음,보행자,여,44세,경상
2510,2019082200100305,2019년 8월 22일 12시,목요일,대전광역시 서구 둔산동,경상사고,0,0,1,0,차대사람 - 기타,안전운전불이행,포장 - 건조,맑음,단일로 - 기타,승용,남,36세,상해없음,보행자,여,50세,경상
2511,2019082200100546,2019년 8월 22일 18시,목요일,대전광역시 중구 문화동,경상사고,0,0,1,0,차대사람 - 보도통행중,신호위반,포장 - 건조,맑음,교차로 - 교차로횡단보도내,승용,여,46세,상해없음,보행자,남,9세,경상
2512,2019082300100165,2019년 8월 23일 08시,금요일,대전광역시 서구 월평동,중상사고,0,1,0,0,차대사람 - 기타,안전운전불이행,포장 - 건조,맑음,단일로 - 기타,승용,여,32세,상해없음,보행자,남,73세,중상
2513,2019082300100303,2019년 8월 23일 12시,금요일,대전광역시 동구 대동,경상사고,0,0,1,0,차대사람 - 기타,안전운전불이행,포장 - 건조,맑음,단일로 - 기타,자전거,남,71세,상해없음,보행자,남,61세,경상
2514,2019082300100304,2019년 8월 23일 12시,금요일,대전광역시 유성구 봉명동,중상사고,0,1,0,0,차대사람 - 횡단중,신호위반,포장 - 건조,맑음,교차로 - 교차로횡단보도내,승용,남,78세,상해없음,보행자,남,10세,중상
2515,2019082300100597,2019년 8월 23일 19시,금요일,대전광역시 동구 가양동,경상사고,0,0,1,0,차대사람 - 기타,안전운전불이행,포장 - 건조,맑음,단일로 - 기타,승용,남,71세,상해없음,보행자,남,63세,경상
2516,2019082300100636,2019년 8월 23일 20시,금요일,대전광역시 중구 선화동,중상사고,0,1,0,0,차대사람 - 차도통행중,안전운전불이행,포장 - 건조,맑음,단일로 - 기타,이륜,남,38세,상해없음,보행자,여,79세,중상
2517,2019082300100725,2019년 8월 23일 23시,금요일,대전광역시 서구 둔산동,경상사고,0,0,1,0,차대사람 - 기타,안전운전불이행,포장 - 건조,맑음,단일로 - 기타,승용,남,23세,상해없음,보행자,남,25세,경상
2518,2019082400100331,2019년 8월 24일 13시,토요일,대전광역시 서구 둔산동,중상사고,0,1,0,0,차대사람 - 기타,안전운전불이행,포장 - 건조,맑음,기타 - 기타,승용,여,65세,상해없음,보행자,남,11세,중상
2519,2019082400100427,2019년 8월 24일 16시,토요일,대전광역시 유성구 노은동,경상사고,0,0,1,0,차대사람 - 횡단중,중앙선침범,포장 - 건조,맑음,단일로 - 기타,승용,남,49세,상해없음,보행자,남,42세,경상
2520,2019082400100428,2019년 8월 24일 16시,토요일,대전광역시 유성구 반석동,중상사고,0,1,0,0,차대사람 - 횡단중,안전운전불이행,포장 - 건조,맑음,단일로 - 기타,승용,남,40세,상해없음,보행자,남,76세,중상
2521,2019082400100609,2019년 8월 24일 21시,토요일,대전광역시 유성구 관평동,중상사고,0,1,0,0,차대사람 - 횡단중,보행자보호의무위반,포장 - 건조,맑음,교차로 - 교차로횡단보도내,승용,남,53세,상해없음,보행자,여,56세,중상
2522,2019082500100447,2019년 8월 25일 19시,일요일,대전광역시 중구 은행동,중상사고,0,1,0,0,차대사람 - 기타,안전운전불이행,포장 - 건조,맑음,교차로 - 교차로부근,승용,남,22세,상해없음,보행자,남,51세,중상
2523,2019082500100450,2019년 8월 25일 19시,일요일,대전광역시 유성구 관평동,경상사고,0,0,1,0,차대사람 - 보도통행중,안전운전불이행,포장 - 건조,흐림,단일로 - 기타,자전거,남,46세,상해없음,보행자,남,44세,경상
2524,2019082500100507,2019년 8월 25일 21시,일요일,대전광역시 유성구 원내동,사망사고,1,0,0,0,차대사람 - 횡단중,안전운전불이행,포장 - 건조,맑음,단일로 - 기타,승용,남,54세,상해없음,보행자,남,78세,사망
2525,2019082600100079,2019년 8월 26일 05시,월요일,대전광역시 서구 월평동,경상사고,0,0,1,0,차대사람 - 횡단중,보행자보호의무위반,포장 - 건조,맑음,교차로 - 교차로횡단보도내,승용,남,66세,상해없음,보행자,남,75세,경상
2526,2019082600100133,2019년 8월 26일 07시,월요일,대전광역시 유성구 봉명동,경상사고,0,0,1,0,차대사람 - 횡단중,안전운전불이행,포장 - 건조,맑음,단일로 - 기타,자전거,남,43세,상해없음,보행자,남,64세,경상
2527,2019082600100250,2019년 8월 26일 10시,월요일,대전광역시 중구 용두동,경상사고,0,0,1,0,차대사람 - 횡단중,신호위반,포장 - 건조,맑음,교차로 - 교차로횡단보도내,자전거,남,62세,상해없음,보행자,여,81세,경상
2528,2019082600100297,2019년 8월 26일 11시,월요일,대전광역시 서구 둔산동,경상사고,0,0,1,0,차대사람 - 기타,안전운전불이행,포장 - 건조,맑음,단일로 - 기타,기타불명,기타불명,미분류,기타불명,보행자,여,53세,경상
2529,2019082600100540,2019년 8월 26일 17시,월요일,대전광역시 중구 문화동,중상사고,0,1,0,0,차대사람 - 횡단중,보행자보호의무위반,포장 - 건조,맑음,단일로 - 기타,승합,남,70세,상해없음,보행자,여,43세,중상
2530,2019082700100064,2019년 8월 27일 02시,화요일,대전광역시 서구 월평동,경상사고,0,0,1,0,차대사람 - 횡단중,안전운전불이행,포장 - 건조,맑음,단일로 - 기타,승용,남,39세,기타불명,보행자,여,64세,경상
2531,2019082700100215,2019년 8월 27일 09시,화요일,대전광역시 서구 내동,중상사고,0,1,0,0,차대사람 - 횡단중,안전운전불이행,포장 - 젖음/습기,비,교차로 - 교차로안,승용,여,39세,상해없음,보행자,여,77세,중상
2532,2019082700100573,2019년 8월 27일 19시,화요일,대전광역시 서구 내동,경상사고,0,0,1,0,차대사람 - 기타,기타,포장 - 건조,맑음,단일로 - 기타,이륜,남,54세,상해없음,보행자,여,21세,경상
2533,2019082700100614,2019년 8월 27일 20시,화요일,대전광역시 서구 둔산동,경상사고,0,0,1,0,차대사람 - 기타,안전운전불이행,포장 - 건조,맑음,기타 - 기타,승용,남,21세,상해없음,보행자,남,31세,경상
2534,2019082700100651,2019년 8월 27일 22시,화요일,대전광역시 중구 유천동,경상사고,0,0,1,0,차대사람 - 기타,안전운전불이행,포장 - 건조,맑음,단일로 - 기타,승용,여,54세,상해없음,보행자,남,16세,경상
2535,2019082800100050,2019년 8월 28일 02시,수요일,대전광역시 중구 은행동,부상신고사고,0,0,0,1,차대사람 - 기타,안전운전불이행,포장 - 건조,맑음,단일로 - 기타,원동기,남,59세,상해없음,보행자,남,26세,부상신고
2536,2019082800100228,2019년 8월 28일 10시,수요일,대전광역시 유성구 전민동,경상사고,0,0,1,0,차대사람 - 기타,안전운전불이행,포장 - 건조,맑음,단일로 - 기타,승용,여,50세,상해없음,보행자,남,16세,경상
2537,2019082800100511,2019년 8월 28일 18시,수요일,대전광역시 중구 문화동,중상사고,0,1,0,0,차대사람 - 차도통행중,안전운전불이행,포장 - 건조,맑음,교차로 - 교차로부근,화물,남,71세,상해없음,보행자,여,41세,중상
2538,2019082800100560,2019년 8월 28일 19시,수요일,대전광역시 중구 대흥동,경상사고,0,0,1,0,차대사람 - 차도통행중,안전운전불이행,포장 - 건조,맑음,단일로 - 기타,승용,여,26세,상해없음,보행자,여,13세,경상
2539,2019082900100689,2019년 8월 29일 23시,목요일,대전광역시 동구 가오동,중상사고,0,1,0,0,차대사람 - 횡단중,안전운전불이행,포장 - 젖음/습기,비,교차로 - 교차로횡단보도내,승용,여,43세,상해없음,보행자,남,50세,중상
2540,2019082900100691,2019년 8월 29일 23시,목요일,대전광역시 서구 갈마동,경상사고,0,0,1,0,차대사람 - 기타,안전운전불이행,포장 - 건조,흐림,단일로 - 기타,승용,남,29세,기타불명,보행자,남,22세,경상
2541,2019083000100400,2019년 8월 30일 14시,금요일,대전광역시 동구 가오동,경상사고,0,0,1,0,차대사람 - 횡단중,신호위반,포장 - 건조,맑음,단일로 - 기타,승용,여,44세,상해없음,보행자,여,12세,경상
2542,2019083000100450,2019년 8월 30일 15시,금요일,대전광역시 서구 변동,경상사고,0,0,1,0,차대사람 - 횡단중,안전운전불이행,포장 - 건조,맑음,단일로 - 기타,자전거,남,12세,상해없음,보행자,여,75세,경상