,사고번호,사고일시,요일,시군구,사고내용,사망자수,중상자수,경상자수,부상신고자수,사고유형,법규위반,노면상태,기상상태,도로형태,가해운전자 차종,가해운전자 성별,가해운전자 연령,가해운전자 상해정도,피해운전자 차종,피해운전자 성별,피해운전자 연령,피해운전자 상해정도
2883,2019111500100415,2019년 11월 15일 13시,금요일,대전광역시 서구 둔산동,경상사고,0,0,1,0,차대사람 - 횡단중,보행자보호의무위반,포장 - 건조,맑음,교차로 - 교차로횡단보도내,승용,남,39세,상해없음,보행자,남,27세,경상
2884,2019111500100704,2019년 11월 15일 18시,금요일,대전광역시 서구 갈마동,중상사고,0,1,0,0,차대사람 - 길가장자리구역통행중,안전운전불이행,포장 - 건조,맑음,단일로 - 기타,승용,남,58세,상해없음,보행자,남,52세,중상
2885,2019111500100868,2019년 11월 15일 21시,금요일,대전광역시 서구 둔산동,경상사고,0,0,1,0,차대사람 - 길가장자리구역통행중,안전운전불이행,포장 - 건조,맑음,단일로 - 기타,승용,남,64세,기타불명,보행자,남,28세,경상
2886,2019111600100356,2019년 11월 16일 13시,토요일,대전광역시 중구 석교동,경상사고,0,0,1,0,차대사람 - 기타,보행자보호의무위반,포장 - 건조,맑음,교차로 - 교차로횡단보도내,승용,남,64세,상해없음,보행자,여,14세,경상
2887,2019111600100476,2019년 11월 16일 16시,토요일,대전광역시 서구 둔산동,경상사고,0,0,1,0,차대사람 - 기타,안전운전불이행,포장 - 건조,맑음,단일로 - 기타,이륜,남,22세,상해없음,보행자,여,26세,경상
2888,2019111600100514,2019년 11월 16일 17시,토요일,대전광역시 중구 선화동,경상사고,0,0,1,0,차대사람 - 기타,안전운전불이행,포장 - 건조,맑음,단일로 - 기타,승용,여,35세,상해없음,보행자,남,29세,경상
2889,2019111600100515,2019년 11월 16일 17시,토요일,대전광역시 대덕구 비래동,중상사고,0,1,0,0,차대사람 - 기타,안전운전불이행,포장 - 건조,맑음,교차로 - 교차로안,승용,남,59세,상해없음,보행자,여,15세,중상
2890,2019111600100645,2019년 11월 16일 20시,토요일,대전광역시 서구 둔산동,경상사고,0,0,1,0,차대사람 - 횡단중,안전운전불이행,포장 - 건조,맑음,교차로 - 교차로부근,승용,남,63세,상해없음,보행자,남,23세,경상
2891,2019111600100683,2019년 11월 16일 21시,토요일,대전광역시 서구 둔산동,경상사고,0,0,1,0,차대사람 - 기타,안전운전불이행,포장 - 건조,맑음,기타 - 기타,승용,남,52세,상해없음,보행자,남,24세,경상
2892,2019111700100371,2019년 11월 17일 17시,일요일,대전광역시 서구 둔산동,중상사고,0,1,0,0,차대사람 - 보도통행중,신호위반,포장 - 젖음/습기,비,단일로 - 기타,승용,여,50세,상해없음,보행자,남,10세,중상
2893,2019111700100429,2019년 11월 17일 18시,일요일,대전광역시 서구 괴정동,경상사고,0,0,1,0,차대사람 - 기타,안전운전불이행,포장 - 젖음/습기,비,교차로 - 교차로부근,화물,남,58세,상해없음,보행자,남,43세,경상
2894,2019111700100605,2019년 11월 17일 23시,일요일,대전광역시 서구 둔산동,경상사고,0,0,1,0,차대사람 - 기타,안전운전불이행,포장 - 젖음/습기,비,단일로 - 기타,승용,여,25세,상해없음,보행자,남,20세,경상
2895,2019111800100182,2019년 11월 18일 08시,월요일,대전광역시 동구 대동,경상사고,0,0,1,0,차대사람 - 기타,안전운전불이행,포장 - 젖음/습기,흐림,단일로 - 기타,승용,남,76세,상해없음,보행자,남,53세,경상
2896,2019111800100627,2019년 11월 18일 19시,월요일,대전광역시 서구 탄방동,경상사고,0,0,1,0,차대사람 - 기타,안전운전불이행,포장 - 건조,맑음,단일로 - 기타,승용,남,31세,기타불명,보행자,남,37세,경상
2897,2019111800100628,2019년 11월 18일 19시,월요일,대전광역시 유성구 지족동,중상사고,0,1,0,0,차대사람 - 기타,안전운전불이행,포장 - 건조,맑음,교차로 - 교차로안,승용,여,45세,상해없음,보행자,여,77세,중상
2898,2019111900100100,2019년 11월 19일 06시,화요일,대전광역시 중구 산성동,경상사고,0,0,1,0,차대사람 - 기타,안전운전불이행,포장 - 건조,맑음,교차로 - 교차로부근,승용,여,59세,상해없음,보행자,남,52세,경상
2899,2019111900100185,2019년 11월 19일 08시,화요일,대전광역시 유성구 지족동,경상사고,0,0,1,0,차대사람 - 기타,안전운전불이행,포장 - 건조,맑음,단일로 - 기타,승용,여,23세,상해없음,보행자,남,22세,경상
2900,2019111900100472,2019년 11월 19일 15시,화요일,대전광역시 중구 중촌동,중상사고,0,1,0,0,차대사람 - 횡단중,보행자보호의무위반,포장 - 건조,맑음,교차로 - 교차로횡단보도내,승용,여,58세,상해없음,보행자,여,74세,중상
2901,2019111900100548,2019년 11월 19일 17시,화요일,대전광역시 동구 가양동,경상사고,0,0,1,0,차대사람 - 횡단중,안전운전불이행,포장 - 건조,맑음,교차로 - 교차로안,승용,여,47세,상해없음,보행자,여,80세,경상
2902,2019111900100550,2019년 11월 19일 17시,화요일,대전광역시 서구 복수동,경상사고,0,0,1,0,차대사람 - 보도통행중,신호위반,포장 - 건조,맑음,교차로 - 교차로횡단보도내,승용,여,46세,상해없음,보행자,여,54세,경상
2903,2019111900100631,2019년 11월 19일 18시,화요일,대전광역시 유성구 지족동,중상사고,0,1,0,0,차대사람 - 보도통행중,신호위반,포장 - 건조,맑음,교차로 - 교차로횡단보도내,승용,여,50세,상해없음,보행자,남,59세,중상
2904,2019111900100746,2019년 11월 19일 21시,화요일,대전광역시 서구 둔산동,중상사고,0,1,0,0,차대사람 - 횡단중,보행자보호의무위반,포장 - 건조,맑음,교차로 - 교차로횡단보도내,승용,여,56세,상해없음,보행자,여,40세,중상
2905,2019111900100769,2019년 11월 19일 22시,화요일,대전광역시 대덕구 중리동,사망사고,2,1,0,0,차대사람 - 기타,중앙선침범,포장 - 건조,맑음,기타 - 기타,화물,남,39세,상해없음,보행자,여,56세,사망
2906,2019112000100063,2019년 11월 20일 02시,수요일,대전광역시 서구 월평동,경상사고,0,0,1,0,차대사람 - 기타,안전운전불이행,포장 - 건조,맑음,단일로 - 기타,승용,남,31세,기타불명,보행자,남,23세,경상
2907,2019112000100189,2019년 11월 20일 08시,수요일,대전광역시 중구 선화동,경상사고,0,0,1,0,차대사람 - 횡단중,안전운전불이행,포장 - 건조,맑음,단일로 - 기타,승용,여,48세,상해없음,보행자,여,62세,경상
2908,2019112000100304,2019년 11월 20일 11시,수요일,대전광역시 대덕구 신탄진동,중상사고,0,1,0,0,차대사람 - 기타,보행자보호의무위반,포장 - 건조,맑음,단일로 - 기타,화물,남,48세,상해없음,보행자,남,64세,중상
2909,2019112000100519,2019년 11월 20일 16시,수요일,대전광역시 동구 정동,경상사고,0,0,1,0,차대사람 - 기타,보행자보호의무위반,포장 - 건조,맑음,교차로 - 교차로횡단보도내,승용,남,37세,상해없음,보행자,여,79세,경상
2910,2019112000100696,2019년 11월 20일 19시,수요일,대전광역시 유성구 관평동,경상사고,0,0,1,0,차대사람 - 기타,안전운전불이행,포장 - 건조,맑음,단일로 - 기타,승용,남,46세,상해없음,보행자,남,14세,경상
2911,2019112100100474,2019년 11월 21일 16시,목요일,대전광역시 서구 용문동,중상사고,0,1,0,0,차대사람 - 차도통행중,안전운전불이행,포장 - 건조,맑음,단일로 - 기타,승용,남,24세,상해없음,보행자,여,75세,중상
2912,2019112100100664,2019년 11월 21일 19시,목요일,대전광역시 중구 문창동,중상사고,0,2,0,0,차대사람 - 횡단중,안전운전불이행,포장 - 건조,맑음,단일로 - 기타,승합,남,59세,상해없음,보행자,남,45세,중상
2913,2019112100100666,2019년 11월 21일 19시,목요일,대전광역시 서구 둔산동,경상사고,0,0,1,0,차대사람 - 길가장자리구역통행중,안전운전불이행,포장 - 건조,맑음,단일로 - 기타,승용,여,50세,기타불명,보행자,남,70세,경상
2914,2019112100100699,2019년 11월 21일 20시,목요일,대전광역시 유성구 봉명동,경상사고,0,0,1,0,차대사람 - 횡단중,보행자보호의무위반,포장 - 건조,맑음,교차로 - 교차로횡단보도내,승용,남,54세,상해없음,보행자,남,69세,경상
2915,2019112200100064,2019년 11월 22일 02시,금요일,대전광역시 중구 오류동,중상사고,0,1,0,0,차대사람 - 차도통행중,안전운전불이행,포장 - 건조,맑음,교차로 - 교차로안,승용,남,63세,상해없음,보행자,남,37세,중상
2916,2019112200100131,2019년 11월 22일 07시,금요일,대전광역시 동구 대동,경상사고,0,0,2,0,차대사람 - 기타,안전운전불이행,포장 - 건조,맑음,단일로 - 기타,승용,여,40세,상해없음,보행자,여,16세,경상
2917,2019112200100190,2019년 11월 22일 08시,금요일,대전광역시 서구 둔산동,경상사고,0,0,1,0,차대사람 - 횡단중,안전운전불이행,포장 - 건조,맑음,교차로 - 교차로부근,승용,여,35세,상해없음,보행자,여,21세,경상
2918,2019112200100329,2019년 11월 22일 12시,금요일,대전광역시 중구 산성동,중상사고,0,1,0,0,차대사람 - 횡단중,중앙선침범,포장 - 건조,맑음,단일로 - 기타,승용,남,65세,상해없음,보행자,여,62세,중상
2919,2019112200100331,2019년 11월 22일 12시,금요일,대전광역시 유성구 봉명동,경상사고,0,0,1,0,차대사람 - 기타,안전운전불이행,포장 - 건조,맑음,단일로 - 기타,승용,남,50세,상해없음,보행자,여,20세,경상
2920,2019112200100709,2019년 11월 22일 19시,금요일,대전광역시 대덕구 연축동,경상사고,0,0,1,0,차대사람 - 기타,기타,포장 - 건조,맑음,단일로 - 기타,자전거,남,51세,상해없음,보행자,남,60세,경상
2921,2019112200100813,2019년 11월 22일 22시,금요일,대전광역시 서구 용문동,경상사고,0,0,1,0,차대사람 - 기타,안전운전불이행,포장 - 건조,맑음,교차로 - 교차로부근,승용,남,35세,상해없음,보행자,남,34세,경상
2922,2019112300100110,2019년 11월 23일 06시,토요일,대전광역시 서구 둔산동,중상사고,0,1,0,0,차대사람 - 횡단중,안전운전불이행,포장 - 건조,맑음,교차로 - 교차로안,승용,여,35세,상해없음,보행자,여,73세,중상
2923,2019112300100149,2019년 11월 23일 08시,토요일,대전광역시 서구 탄방동,경상사고,0,0,1,0,차대사람 - 기타,보행자보호의무위반,포장 - 건조,맑음,교차로 - 교차로횡단보도내,승용,남,52세,기타불명,보행자,여,16세,경상
2924,2019112300100187,2019년 11월 23일 09시,토요일,대전광역시 서구 가수원동,중상사고,0,1,0,0,차대사람 - 횡단중,안전운전불이행,포장 - 건조,맑음,교차로 - 교차로부근,승용,여,68세,상해없음,보행자,여,70세,중상
2925,2019112300100301,2019년 11월 23일 12시,토요일,대전광역시 중구 중촌동,경상사고,0,0,1,0,차대사람 - 횡단중,안전운전불이행,포장 - 건조,맑음,교차로 - 교차로안,승용,남,52세,상해없음,보행자,여,74세,경상
2926,2019112300100474,2019년 11월 23일 16시,토요일,대전광역시 동구 중동,경상사고,0,0,1,0,차대사람 - 기타,안전운전불이행,포장 - 건조,맑음,단일로 - 기타,승합,남,56세,상해없음,보행자,남,31세,경상
2927,2019112300100581,2019년 11월 23일 18시,토요일,대전광역시 동구 성남동,경상사고,0,0,1,0,차대사람 - 횡단중,안전운전불이행,포장 - 건조,맑음,교차로 - 교차로횡단보도내,화물,남,55세,상해없음,보행자,남,28세,경상
2928,2019112300100624,2019년 11월 23일 19시,토요일,대전광역시 중구 산성동,중상사고,0,1,0,0,차대사람 - 횡단중,안전운전불이행,포장 - 건조,맑음,교차로 - 교차로횡단보도내,승합,남,49세,상해없음,보행자,남,71세,중상
2929,2019112300100625,2019년 11월 23일 19시,토요일,대전광역시 서구 내동,경상사고,0,0,1,0,차대사람 - 기타,안전운전불이행,포장 - 건조,맑음,단일로 - 기타,승용,남,51세,상해없음,보행자,여,64세,경상
2930,2019112300100738,2019년 11월 23일 23시,토요일,대전광역시 서구 월평동,경상사고,0,0,2,0,차대사람 - 기타,안전운전불이행,포장 - 건조,맑음,교차로 - 교차로횡단보도내,승합,남,63세,상해없음,보행자,남,55세,경상
2931,2019112400100107,2019년 11월 24일 06시,일요일,대전광역시 유성구 복용동,중상사고,0,1,0,0,차대사람 - 횡단중,신호위반,포장 - 건조,맑음,교차로 - 교차로횡단보도내,승용,남,58세,상해없음,보행자,여,76세,중상
2932,2019112400100138,2019년 11월 24일 09시,일요일,대전광역시 동구 가양동,경상사고,0,0,1,0,차대사람 - 기타,안전운전불이행,포장 - 건조,맑음,단일로 - 기타,승용,여,40세,기타불명,보행자,여,48세,경상
2933,2019112400100207,2019년 11월 24일 12시,일요일,대전광역시 서구 둔산동,경상사고,0,0,1,0,차대사람 - 기타,안전운전불이행,포장 - 건조,맑음,단일로 - 기타,승용,남,34세,기타불명,보행자,남,31세,경상
2934,2019112400100385,2019년 11월 24일 17시,일요일,대전광역시 중구 중촌동,중상사고,0,1,0,0,차대사람 - 기타,안전운전불이행,포장 - 젖음/습기,비,교차로 - 교차로안,승용,남,58세,상해없음,보행자,여,79세,중상
2935,2019112400100386,2019년 11월 24일 17시,일요일,대전광역시 중구 은행동,경상사고,0,0,1,0,차대사람 - 차도통행중,안전운전불이행,포장 - 건조,맑음,단일로 - 기타,승용,남,33세,상해없음,보행자,여,23세,경상
2936,2019112400100479,2019년 11월 24일 19시,일요일,대전광역시 중구 옥계동,중상사고,0,1,0,0,차대사람 - 횡단중,안전운전불이행,포장 - 젖음/습기,맑음,단일로 - 기타,승용,남,24세,상해없음,보행자,여,51세,중상
2937,2019112500100161,2019년 11월 25일 08시,월요일,대전광역시 서구 괴정동,경상사고,0,0,1,0,차대사람 - 보도통행중,안전운전불이행,포장 - 건조,맑음,단일로 - 기타,기타불명,기타불명,미분류,기타불명,보행자,남,14세,경상
2938,2019112500100429,2019년 11월 25일 16시,월요일,대전광역시 유성구 원내동,경상사고,0,0,1,0,차대사람 - 기타,안전운전불이행,포장 - 건조,맑음,단일로 - 기타,승용,남,25세,상해없음,보행자,여,17세,경상
2939,2019112600100168,2019년 11월 26일 08시,화요일,대전광역시 서구 내동,경상사고,0,0,1,0,차대사람 - 기타,안전운전불이행,포장 - 건조,맑음,단일로 - 기타,승용,여,41세,상해없음,보행자,남,7세,경상
2940,2019112600100235,2019년 11월 26일 10시,화요일,대전광역시 유성구 노은동,중상사고,0,1,0,0,차대사람 - 횡단중,안전운전불이행,포장 - 건조,맑음,교차로 - 교차로횡단보도내,승합,남,62세,상해없음,보행자,여,67세,중상
2941,2019112600100306,2019년 11월 26일 12시,화요일,대전광역시 동구 용운동,중상사고,0,1,0,0,차대사람 - 차도통행중,안전운전불이행,포장 - 건조,맑음,단일로 - 기타,승용,남,63세,상해없음,보행자,여,82세,중상
2942,2019112600100376,2019년 11월 26일 14시,화요일,대전광역시 중구 중촌동,경상사고,0,0,1,0,차대사람 - 기타,안전운전불이행,포장 - 건조,맑음,교차로 - 교차로부근,승용,여,64세,상해없음,보행자,남,48세,경상
2943,2019112600100639,2019년 11월 26일 20시,화요일,대전광역시 서구 갈마동,경상사고,0,0,1,0,차대사람 - 기타,안전운전불이행,포장 - 건조,맑음,교차로 - 교차로안,승용,여,30세,상해없음,보행자,남,32세,경상
2944,2019112600100677,2019년 11월 26일 21시,화요일,대전광역시 서구 괴정동,경상사고,0,0,1,0,차대사람 - 보도통행중,안전운전불이행,포장 - 건조,맑음,단일로 - 기타,승용,여,57세,상해없음,보행자,여,18세,경상
2945,2019112700100186,2019년 11월 27일 09시,수요일,대전광역시 중구 문창동,경상사고,0,0,1,0,차대사람 - 횡단중,안전운전불이행,포장 - 건조,맑음,단일로 - 기타,승용,여,65세,상해없음,보행자,여,82세,경상
2946,2019112700100215,2019년 11월 27일 10시,수요일,대전광역시 중구 은행동,경상사고,0,0,1,0,차대사람 - 횡단중,보행자보호의무위반,포장 - 건조,맑음,교차로 - 교차로횡단보도내,승용,남,80세,상해없음,보행자,여,29세,경상
2947,2019112700100590,2019년 11월 27일 19시,수요일,대전광역시 중구 안영동,중상사고,0,1,0,0,차대사람 - 횡단중,보행자보호의무위반,포장 - 건조,맑음,교차로 - 교차로횡단보도내,승용,여,56세,상해없음,보행자,여,48세,중상
2948,2019112700100593,2019년 11월 27일 19시,수요일,대전광역시 서구 관저동,경상사고,0,0,1,0,차대사람 - 기타,안전운전불이행,포장 - 건조,맑음,단일로 - 기타,승합,남,58세,상해없음,보행자,여,18세,경상
2949,2019112700100594,2019년 11월 27일 19시,수요일,대전광역시 서구 둔산동,경상사고,0,0,1,0,차대사람 - 길가장자리구역통행중,안전운전불이행,포장 - 건조,맑음,단일로 - 기타,승용,여,27세,기타불명,보행자,여,21세,경상
2950,2019112700100595,2019년 11월 27일 19시,수요일,대전광역시 서구 둔산동,경상사고,0,0,1,0,차대사람 - 기타,안전운전불이행,포장 - 건조,맑음,단일로 - 기타,기타불명,기타불명,미분류,기타불명,보행자,남,61세,경상
2951,2019112800100161,2019년 11월 28일 08시,목요일,대전광역시 서구 괴정동,경상사고,0,0,1,0,차대사람 - 길가장자리구역통행중,안전운전불이행,포장 - 건조,맑음,단일로 - 기타,승용,여,41세,상해없음,보행자,남,9세,경상
2952,2019112800100196,2019년 11월 28일 09시,목요일,대전광역시 중구 유천동,경상사고,0,0,1,0,차대사람 - 기타,안전운전불이행,포장 - 건조,맑음,단일로 - 기타,승용,여,64세,상해없음,보행자,여,57세,경상
2953,2019112800100237,2019년 11월 28일 10시,목요일,대전광역시 대덕구 송촌동,중상사고,0,1,0,0,차대사람 - 기타,안전운전불이행,포장 - 건조,맑음,교차로 - 교차로부근,승용,남,57세,상해없음,보행자,여,73세,중상
2954,2019112800100324,2019년 11월 28일 13시,목요일,대전광역시 유성구 장대동,중상사고,0,1,0,0,차대사람 - 기타,안전운전불이행,포장 - 건조,맑음,단일로 - 기타,승용,남,66세,상해없음,보행자,여,59세,중상
2955,2019112800100430,2019년 11월 28일 16시,목요일,대전광역시 유성구 봉명동,경상사고,0,0,1,0,차대사람 - 횡단중,안전운전불이행,포장 - 건조,흐림,단일로 - 기타,승용,남,31세,상해없음,보행자,여,75세,경상
2956,2019112800100721,2019년 11월 28일 23시,목요일,대전광역시 중구 안영동,경상사고,0,0,1,0,차대사람 - 기타,보행자보호의무위반,포장 - 건조,맑음,교차로 - 교차로횡단보도내,승용,여,29세,상해없음,보행자,남,45세,경상
2957,2019112900100031,2019년 11월 29일 00시,금요일,대전광역시 서구 월평동,중상사고,0,1,0,0,차대사람 - 횡단중,안전운전불이행,포장 - 건조,맑음,단일로 - 기타,화물,남,21세,상해없음,보행자,여,62세,중상
2958,2019112900100213,2019년 11월 29일 09시,금요일,대전광역시 유성구 원내동,중상사고,0,1,0,0,차대사람 - 기타,안전운전불이행,포장 - 건조,맑음,교차로 - 교차로부근,승합,여,60세,상해없음,보행자,남,75세,중상
2959,2019112900100294,2019년 11월 29일 11시,금요일,대전광역시 동구 대동,중상사고,0,1,0,0,차대사람 - 횡단중,안전운전불이행,포장 - 건조,맑음,교차로 - 교차로횡단보도내,승용,남,67세,상해없음,보행자,여,19세,중상
2960,2019112900100323,2019년 11월 29일 12시,금요일,대전광역시 서구 둔산동,중상사고,0,1,0,0,차대사람 - 기타,안전운전불이행,포장 - 건조,맑음,단일로 - 기타,승용,여,41세,상해없음,보행자,남,56세,중상
2961,2019112900100365,2019년 11월 29일 13시,금요일,대전광역시 중구 유천동,경상사고,0,0,1,0,차대사람 - 기타,신호위반,포장 - 건조,맑음,교차로 - 교차로안,승용,남,79세,상해없음,보행자,남,47세,경상
2962,2019112900100574,2019년 11월 29일 17시,금요일,대전광역시 중구 대흥동,중상사고,0,1,0,0,차대사람 - 횡단중,안전운전불이행,포장 - 건조,맑음,단일로 - 기타,승용,남,60세,상해없음,보행자,남,61세,중상
2963,2019112900100577,2019년 11월 29일 17시,금요일,대전광역시 서구 둔산동,경상사고,0,0,1,0,차대사람 - 기타,안전운전불이행,포장 - 건조,맑음,단일로 - 기타,승용,남,72세,상해없음,보행자,여,80세,경상
2964,2019112900100652,2019년 11월 29일 18시,금요일,대전광역시 서구 괴정동,중상사고,0,1,0,0,차대사람 - 횡단중,안전운전불이행,포장 - 건조,맑음,단일로 - 기타,이륜,남,60세,상해없음,보행자,여,76세,중상
2965,2019112900100707,2019년 11월 29일 19시,금요일,대전광역시 서구 가수원동,중상사고,0,1,0,0,차대사람 - 횡단중,안전운전불이행,포장 - 건조,맑음,교차로 - 교차로안,승용,남,63세,상해없음,보행자,여,85세,중상
2966,2019113000100134,2019년 11월 30일 06시,토요일,대전광역시 동구 가양동,중상사고,0,1,0,0,차대사람 - 차도통행중,안전운전불이행,포장 - 건조,맑음,교차로 - 교차로안,승용,남,22세,상해없음,보행자,여,63세,중상
2967,2019113000100274,2019년 11월 30일 11시,토요일,대전광역시 중구 문화동,경상사고,0,0,1,0,차대사람 - 횡단중,안전운전불이행,포장 - 건조,맑음,단일로 - 기타,승용,남,60세,기타불명,보행자,여,16세,경상
2968,2019120100100064,2019년 12월 1일 01시,일요일,대전광역시 서구 월평동,중상사고,0,1,0,0,차대사람 - 기타,안전운전불이행,포장 - 건조,맑음,교차로 - 교차로횡단보도내,승용,남,53세,상해없음,보행자,남,57세,중상
2969,2019120100100205,2019년 12월 1일 11시,일요일,대전광역시 중구 산성동,중상사고,0,1,0,0,차대사람 - 차도통행중,안전운전불이행,포장 - 건조,맑음,교차로 - 교차로안,화물,남,45세,상해없음,보행자,여,77세,중상
2970,2019120100100332,2019년 12월 1일 15시,일요일,대전광역시 서구 둔산동,경상사고,0,0,1,0,차대사람 - 기타,안전운전불이행,포장 - 젖음/습기,비,단일로 - 기타,승용,남,24세,상해없음,보행자,남,28세,경상
2971,2019120100100509,2019년 12월 1일 19시,일요일,대전광역시 서구 갈마동,경상사고,0,0,1,0,차대사람 - 길가장자리구역통행중,안전운전불이행,포장 - 젖음/습기,비,단일로 - 기타,승용,남,29세,상해없음,보행자,여,52세,경상
2972,2019120100100535,2019년 12월 1일 20시,일요일,대전광역시 동구 판암동,사망사고,1,0,0,0,차대사람 - 횡단중,안전운전불이행,포장 - 젖음/습기,비,단일로 - 기타,승용,남,33세,상해없음,보행자,남,72세,사망
2973,2019120200100093,2019년 12월 2일 07시,월요일,대전광역시 유성구 구암동,중상사고,0,1,0,0,차대사람 - 기타,안전운전불이행,포장 - 젖음/습기,비,단일로 - 기타,승용,남,37세,상해없음,보행자,남,72세,중상
2974,2019120200100526,2019년 12월 2일 18시,월요일,대전광역시 서구 갈마동,경상사고,0,0,1,0,차대사람 - 횡단중,보행자보호의무위반,포장 - 건조,맑음,교차로 - 교차로횡단보도내,승용,남,57세,상해없음,보행자,남,15세,경상
2975,2019120300100153,2019년 12월 3일 08시,화요일,대전광역시 동구 소제동,중상사고,0,1,0,0,차대사람 - 기타,안전운전불이행,포장 - 건조,맑음,교차로 - 교차로안,승용,남,27세,상해없음,보행자,여,77세,중상
2976,2019120300100529,2019년 12월 3일 18시,화요일,대전광역시 대덕구 송촌동,경상사고,0,0,1,0,차대사람 - 횡단중,보행자보호의무위반,포장 - 건조,맑음,교차로 - 교차로횡단보도내,승용,남,44세,상해없음,보행자,여,49세,경상
2977,2019120300100530,2019년 12월 3일 18시,화요일,대전광역시 서구 갈마동,경상사고,0,0,1,0,차대사람 - 횡단중,안전운전불이행,포장 - 건조,맑음,교차로 - 교차로횡단보도내,승합,남,53세,상해없음,보행자,여,71세,경상
2978,2019120300100561,2019년 12월 3일 19시,화요일,대전광역시 동구 홍도동,경상사고,0,0,1,0,차대사람 - 차도통행중,안전운전불이행,포장 - 건조,맑음,단일로 - 기타,승용,여,22세,상해없음,보행자,남,31세,경상
2979,2019120300100589,2019년 12월 3일 20시,화요일,대전광역시 서구 내동,경상사고,0,0,1,0,차대사람 - 기타,보행자보호의무위반,포장 - 건조,맑음,교차로 - 교차로부근,승용,남,43세,상해없음,보행자,남,63세,경상
2980,2019120400100560,2019년 12월 4일 17시,수요일,대전광역시 중구 목동,경상사고,0,0,1,0,차대사람 - 기타,안전운전불이행,포장 - 건조,맑음,단일로 - 기타,승용,남,60세,상해없음,보행자,여,51세,경상
2981,2019120400100612,2019년 12월 4일 18시,수요일,대전광역시 중구 산성동,경상사고,0,0,1,0,차대사람 - 기타,기타,포장 - 건조,맑음,단일로 - 기타,승용,여,44세,상해없음,보행자,여,74세,경상
2982,2019120400100651,2019년 12월 4일 19시,수요일,대전광역시 서구 둔산동,경상사고,0,0,1,0,차대사람 - 보도통행중,보행자보호의무위반,포장 - 건조,맑음,교차로 - 교차로횡단보도내,승합,남,59세,상해없음,보행자,남,10세,경상
2983,2019120500100044,2019년 12월 5일 00시,목요일,대전광역시 대덕구 송촌동,경상사고,0,0,1,0,차대사람 - 기타,안전운전불이행,포장 - 건조,맑음,단일로 - 기타,승용,남,31세,상해없음,보행자,남,54세,경상
2984,2019120500100075,2019년 12월 5일 04시,목요일,대전광역시 중구 석교동,중상사고,0,1,0,0,차대사람 - 기타,안전운전불이행,포장 - 건조,맑음,단일로 - 기타,승합,남,51세,상해없음,보행자,남,60세,중상
2985,2019120500100323,2019년 12월 5일 13시,목요일,대전광역시 중구 중촌동,중상사고,0,1,0,0,차대사람 - 횡단중,신호위반,포장 - 건조,맑음,교차로 - 교차로안,승용,여,59세,상해없음,보행자,여,44세,중상
2986,2019120500100490,2019년 12월 5일 17시,목요일,대전광역시 대덕구 비래동,경상사고,0,0,1,0,차대사람 - 기타,안전운전불이행,포장 - 건조,맑음,교차로 - 교차로안,승용,남,45세,상해없음,보행자,남,55세,경상
2987,2019120500100552,2019년 12월 5일 18시,목요일,대전광역시 유성구 지족동,중상사고,0,1,0,0,차대사람 - 횡단중,신호위반,포장 - 건조,맑음,교차로 - 교차로횡단보도내,승용,남,69세,상해없음,보행자,남,51세,중상
2988,2019120500100587,2019년 12월 5일 19시,목요일,대전광역시 대덕구 덕암동,사망사고,1,0,0,0,차대사람 - 횡단중,신호위반,포장 - 건조,맑음,교차로 - 교차로횡단보도내,승용,남,52세,상해없음,보행자,여,52세,사망
2989,2019120500100588,2019년 12월 5일 19시,목요일,대전광역시 서구 탄방동,중상사고,0,1,0,0,차대사람 - 횡단중,보행자보호의무위반,포장 - 건조,맑음,교차로 - 교차로횡단보도내,승용,여,46세,상해없음,보행자,남,63세,중상
2990,2019120500100619,2019년 12월 5일 20시,목요일,대전광역시 동구 홍도동,중상사고,0,1,0,0,차대사람 - 기타,안전운전불이행,포장 - 건조,맑음,교차로 - 교차로안,승용,남,26세,상해없음,보행자,여,66세,중상
2991,2019120600100113,2019년 12월 6일 07시,금요일,대전광역시 대덕구 신일동,중상사고,0,1,0,0,차대사람 - 기타,신호위반,포장 - 건조,맑음,교차로 - 교차로횡단보도내,승용,남,62세,상해없음,보행자,여,50세,중상
2992,2019120600100444,2019년 12월 6일 16시,금요일,대전광역시 서구 괴정동,중상사고,0,1,0,0,차대사람 - 기타,안전운전불이행,포장 - 건조,맑음,단일로 - 기타,화물,남,54세,상해없음,보행자,여,57세,중상
2993,2019120600100445,2019년 12월 6일 16시,금요일,대전광역시 대덕구 법동,경상사고,0,0,1,0,차대사람 - 기타,교차로운행방법위반,포장 - 건조,맑음,교차로 - 교차로안,승용,여,54세,상해없음,보행자,남,62세,경상
2994,2019120600100627,2019년 12월 6일 19시,금요일,대전광역시 서구 월평동,중상사고,0,1,0,0,차대사람 - 기타,보행자보호의무위반,포장 - 건조,맑음,교차로 - 교차로횡단보도내,이륜,남,21세,상해없음,보행자,남,59세,중상
2995,2019120600100664,2019년 12월 6일 20시,금요일,대전광역시 중구 태평동,경상사고,0,0,1,0,차대사람 - 기타,기타,포장 - 건조,맑음,기타 - 기타,승용,남,48세,상해없음,보행자,여,24세,경상
2996,2019120600100759,2019년 12월 6일 23시,금요일,대전광역시 중구 부사동,경상사고,0,0,1,0,차대사람 - 기타,안전운전불이행,포장 - 건조,맑음,단일로 - 기타,화물,남,56세,상해없음,보행자,여,44세,경상